ID,Longitude,Latitude,PO_ID,Cent1_ID,Population,Client_ID,Facility_ID,Min_Cost56481989,-71460632,41807484,,116,1071,56481989,56481980,2.24082456481990,-71458294,41810360,,340,1677,56481990,56481980,1.82236956481991,-71455051,41808097,,207,996,56481991,56481980,1.7286556481992,-71452381,41811718,,635,1607,56481992,56481980,1.25830256481993,-71450535,41808409,,12,1370,56481993,56481980,1.71374256481994,-71446512,41808849,,237,1177,56481994,56481980,1.48071156481995,-71444444,41808405,,633,1346,56481995,56481980,1.50721556481996,-71438818,41806192,,482,1328,56481996,56481980,1.89633956481997,-71434719,41803792,,210,1784,56481997,56481981,1.91726656481998,-71436512,41808569,,697,1007,56481998,56481980,1.66911856481999,-71437656,41810387,,114,1259,56481999,56481980,1.65839956482000,-71467801,41837230,,336,2322,56482000,56481980,3.69433556482001,-71465385,41812351,,687,1098,56482001,56481980,2.8185256482002,-71460834,41815712,,6,1198,56482002,56481980,2.04738256482003,-71465715,41821054,,93,1025,56482003,56481980,1.85928756482004,-71462973,41823830,,806,1299,56482004,56481980,1.46354156482005,-71457695,41815799,,117,1231,56482005,56481980,1.34334956482006,-71454914,41819961,,484,1693,56482006,56481980,1.13186556482007,-71453285,41814455,,715,868,56482007,56481980,1.11693956482008,-71452904,41816602,,62,869,56482008,56481980,0.79579156482009,-71455345,41827835,,323,986,56482009,56481980,2.15060856482010,-71451301,41823831,,287,665,56482010,56481980,1.56970256482011,-71451294,41827045,,288,1476,56482011,56481980,2.01242556482012,-71456818,41830789,,490,1350,56482012,56481980,2.3472756482013,-71451984,41830755,,118,766,56482013,56481980,2.60450656482014,-71451687,41834913,,15,655,56482014,56481980,3.23966156482015,-71457830,41840029,,812,314,56482015,56481986,3.36107756482016,-71447521,41815464,,248,753,56482016,56481980,0.75615656482017,-71445332,41812578,,584,1419,56482017,56481980,1.1251256482018,-71443748,41819380,,23,953,56482018,56481980,0.85068356482019,-71449893,41820888,,683,833,56482019,56481980,1.22461656482020,-71447155,41822651,,750,1116,56482020,56481980,1.27873856482021,-71442680,41822078,,328,1365,56482021,56481980,1.16831556482022,-71446323,41827412,,522,1892,56482022,56481980,2.08648456482023,-71438636,41812245,,481,1093,56482023,56481980,1.73657256482024,-71435845,41820018,,648,1210,56482024,56481980,1.30759156482025,-71441284,41827200,,523,1367,56482025,56481980,2.19575356482026,-71437971,41820320,,322,627,56482026,56481980,1.1790356482027,-71437435,41827829,,327,941,56482027,56481986,2.19261256482028,-71446952,41831235,,43,719,56482028,56481980,2.70101156482029,-71447448,41834879,,341,1247,56482029,56481980,3.16081156482030,-71448154,41837461,,167,673,56482030,56481986,3.08750856482031,-71450382,41844139,,732,1391,56482031,56481986,2.40822256482032,-71441612,41830867,,700,1163,56482032,56481980,2.67638556482033,-71441532,41833780,,663,758,56482033,56481986,2.70332656482034,-71434677,41836130,,356,1109,56482034,56481986,1.95334656482035,-71441539,41836876,,783,655,56482035,56481986,2.34209756482036,-71441696,41839918,,524,706,56482036,56481986,1.99745456482037,-71436378,41840366,,120,741,56482037,56481986,1.88851456482038,-71449600,41850319,,496,711,56482038,56481986,3.17318556482039,-71445366,41845854,,121,1181,56482039,56481986,2.6965356482040,-71440792,41845718,,342,915,56482040,56481986,2.77385456482041,-71441851,41852822,,712,2166,56482041,56481986,3.54601656482042,-71436570,41845230,,246,2248,56482042,56481986,2.58757256482043,-71434720,41855893,,464,1461,56482043,56481986,3.65737156482044,-71433143,41794763,,370,1134,56482044,56481981,1.39347556482045,-71426605,41787428,,360,890,56482045,56481981,0.76537456482046,-71426385,41791390,,483,970,56482046,56481981,0.97635756482047,-71423324,41793917,,437,853,56482047,56481981,0.4247656482048,-71428760,41798770,,225,918,56482048,56481981,1.0489956482049,-71432056,41807431,,198,1451,56482049,56481980,2.0554456482050,-71433601,41811515,,52,995,56482050,56481980,1.84068456482051,-71430784,41810343,,115,1123,56482051,56481986,2.17977256482052,-71427608,41805279,,223,1493,56482052,56481981,1.49040456482053,-71421966,41800405,,318,1497,56482053,56481981,1.34791956482054,-71420845,41797990,,20,1546,56482054,56481981,1.10264356482055,-71419254,41795807,,278,1050,56482055,56481981,0.87304856482056,-71424271,41804291,,479,924,56482056,56481981,1.1900656482057,-71422622,41803959,,311,1208,56482057,56481981,1.47369956482058,-71425617,41810804,,242,852,56482058,56481986,1.58908356482059,-71422497,41809778,,204,674,56482059,56481986,1.53757656482060,-71415598,41783556,,485,1412,56482060,56481981,1.23473556482061,-71416793,41791227,,357,1716,56482061,56481981,0.56541956482062,-71409073,41780858,,317,1239,56482062,56481982,2.24965856482063,-71408683,41789461,,386,1634,56482063,56481982,0.50198356482064,-71405834,41791557,,37,1018,56482064,56481982,0.09591956482065,-71415191,41796821,,326,1287,56482065,56481982,1.1390556482066,-71417019,41802812,,324,1015,56482066,56481982,1.9166956482067,-71414661,41799890,,316,684,56482067,56481982,1.49896556482068,-71409759,41796973,,330,1221,56482068,56481982,0.88858356482069,-71413296,41803591,,89,913,56482069,56481982,1.95741656482070,-71416561,41805843,,112,778,56482070,56481981,2.14512556482071,-71416168,41808546,,401,1055,56482071,56481986,1.9774956482072,-71410026,41806517,,791,1256,56482072,56481982,1.93383356482073,-71409481,41800916,,53,1135,56482073,56481982,1.56525156482074,-71402808,41808468,,754,409,56482074,56481982,1.66449156482075,-71401008,41789560,,335,1211,56482075,56481982,0.8606656482076,-71399948,41792576,,574,1289,56482076,56481982,0.62827756482077,-71394649,41789194,,271,752,56482077,56481982,1.35309356482078,-71433315,41814224,,408,909,56482078,56481980,1.59951256482079,-71433159,41818744,,219,1246,56482079,56481980,1.4630756482080,-71428615,41814168,,5,743,56482080,56481986,1.93321156482081,-71428066,41819156,,339,796,56482081,56481986,1.60979556482082,-71429382,41822138,,63,963,56482082,56481986,1.55924256482083,-71426059,41820925,,113,991,56482083,56481986,1.11748556482084,-71426327,41824093,,735,1354,56482084,56481986,1.13348456482085,-71424534,41815076,,286,1300,56482085,56481986,1.51020956482086,-71424604,41819290,,350,686,56482086,56481986,1.20108856482087,-71418891,41814838,,166,801,56482087,56481986,1.15019956482088,-71433849,41831697,,119,1275,56482088,56481986,2.27860156482089,-71428463,41828993,,701,1646,56482089,56481986,1.38691156482090,-71426216,41833860,,191,1338,56482090,56481986,1.35102756482091,-71431068,41838779,,331,1338,56482091,56481986,1.77075456482092,-71430427,41843854,,289,1773,56482092,56481986,2.62779456482093,-71427303,41838116,,526,1058,56482093,56481986,1.55152656482094,-71420963,41834160,,525,1366,56482094,56481986,0.94839556482095,-71423679,41841316,,122,1765,56482095,56481986,2.16933556482096,-71420246,41837774,,801,674,56482096,56481986,1.5984856482097,-71418903,41844631,,676,948,56482097,56481986,1.89818356482098,-71416240,41812725,,696,1315,56482098,56481986,1.36662356482099,-71414203,41813926,,319,555,56482099,56481986,1.18140256482100,-71415809,41819276,,407,1152,56482100,56481986,0.76340556482101,-71414543,41825901,,480,1622,56482101,56481986,0.05543556482102,-71410800,41823000,,583,1795,56482102,56481986,0.49026456482103,-71403656,41823793,,486,2188,56482103,56481986,1.11358756482104,-71405048,41827903,,302,2754,56482104,56481988,0.70303656482105,-71412384,41838693,,527,726,56482105,56481986,1.16939156482106,-71408249,41832256,,124,920,56482106,56481986,1.00159156482107,-71404682,41832429,,127,995,56482107,56481988,0.68642956482108,-71407001,41836945,,263,915,56482108,56481986,1.54032456482109,-71406059,41840324,,529,826,56482109,56481986,1.61532256482110,-71402214,41838863,,329,928,56482110,56481988,1.39030856482111,-71404176,41844373,,418,1055,56482111,56481986,2.01679556482112,-71433967,41849403,,528,1354,56482112,56481986,3.29542156482113,-71431049,41851068,,308,1111,56482113,56481986,3.38687456482114,-71427277,41847715,,702,1175,56482114,56481986,2.76991156482115,-71422767,41845212,,123,1064,56482115,56481986,2.40632856482116,-71424913,41855575,,765,2042,56482116,56481986,3.37610656482117,-71416523,41850874,,229,1717,56482117,56481986,2.71734356482118,-71416355,41854955,,762,941,56482118,56481986,3.20567756482119,-71415017,41853615,,222,1112,56482119,56481986,3.04226956482120,-71404410,41849573,,268,635,56482120,56481986,2.19665356482121,-71400715,41820799,,211,638,56482121,56481988,1.35054456482122,-71396110,41821159,,128,1110,56482122,56481988,1.50855456482123,-71394005,41826080,,47,1606,56482123,56481988,1.20921156482124,-71385837,41826044,,371,1429,56482124,56481988,2.08396956482125,-71396816,41828720,,814,1425,56482125,56481988,0.50634156482126,-71399605,41842846,,125,813,56482126,56481988,1.95361856482127,-71396179,41836921,,531,1700,56482127,56481988,1.42053856482128,-71394420,41843937,,290,645,56482128,56481988,2.3624656482129,-71391101,41831921,,291,925,56482129,56481988,1.3972256482130,-71387779,41828668,,532,738,56482130,56481988,1.55319156482131,-71388473,41836868,,343,835,56482131,56481988,2.0379456482132,-71381171,41831700,,599,1382,56482132,56481988,2.36017756482133,-71380719,41840666,,126,1189,56482133,56481988,2.95135656482134,-71398327,41845257,,74,757,56482134,56481988,2.21711456482135,-71398899,41848823,,425,1170,56482135,56481986,2.72171456482136,-71393901,41850429,,530,882,56482136,56481988,2.97487556482137,-71394722,41854557,,501,1445,56482137,56481986,3.24127956482138,-71382810,41848241,,703,1045,56482138,56481988,4.00477